rank,season,worldId,worldName,teams,strongTeams,eliteTeams,strongShare,eliteShare,gachiIndex,avgScore,medianScore,p90Score,avgLineupComponent,avgFormationComponent,strongFormations,topTeams
1,2621,21,ダック,32,15,6,0.46875,0.1875,234.375,56.284222222826074,58.10838018774688,64.92323273618284,59.11868151026279,1.0043048934142509,ヴァレンシア 2003-04(4); ビアンコネーロ 2002-03(2); バイエルン 2000-01(2); ドルトムント 2011-12(1); オランダ 2014(1),"FC.URAWA(2621, 69.9); 舞浜レンガパン(2621, 67.9); ファンタジア(2621, 65.8); FCもうふぶき(2621, 65.0); チーム謀(2621, 64.2)"
2,2620,21,ダック,32,13,7,0.40625,0.21875,203.125,55.9376759030533,57.78003014511123,64.99745641522807,57.500188493444455,1.0873203841859689,ヴァレンシア 2003-04(3); ウルグアイ 2014(2); バイエルン 2000-01(2); ビアンコネーロ 2002-03(1); パルマ 1998-99(1),"舞浜レンガパン(2620, 68.7); FC.URAWA(2620, 67.3); ファンタジア(2620, 65.8); FCもうふぶき(2620, 65.0); はにわ(2620, 64.9)"
3,2619,21,ダック,32,12,8,0.375,0.25,187.5,54.65776941598554,55.737579547588794,65.20669674904534,54.74400057710695,0.9668223895778256,ヴァレンシア 2003-04(3); ビアンコネーロ 2002-03(2); チェルシー 2004-05(1); ウルグアイ 2014(1); ブラジル 2014(1),"舞浜レンガパン(2619, 68.7); せーのがさんはい(2619, 65.9); はにわ(2619, 65.7); ファンタジア(2619, 65.3); FC.URAWA(2619, 64.2)"
4,2622,21,ダック,32,12,6,0.375,0.1875,187.5,55.961233352180045,57.50835023046727,64.77876804598225,56.122161779492835,1.27896458627326,ヴァレンシア 2003-04(3); バイエルン 2000-01(3); ビアンコネーロ 2002-03(2); バルセロナ 1999-2000(1); ブラジル 2014(1),"舞浜レンガパン(2622, 68.7); エマ;ワトソン(2622, 65.7); ファンタジア(2622, 65.3); くどき上手(2622, 64.9); FC.URAWA(2622, 63.5)"
5,2619,9,ハリアー,32,11,7,0.34375,0.21875,171.875,54.11151194720292,56.76282106532929,65.40690940011967,55.63401589747892,0.6414361010587916,ビアンコネーロ 2002-03(3); ヴァレンシア 2003-04(2); ドルトムント 2011-12(1); イタリア 2012(1); ウルグアイ 2014(1),"ジデンFC(2619, 68.8); ノリアFC(2619, 66.8); チョココロネーロ(2619, 66.3); 倶楽部賭郎(2619, 65.4); ペニさんFC(2619, 65.1)"
6,2619,14,アイビス,32,10,6,0.3125,0.1875,156.25,50.85691203760966,51.265228291815006,64.83322850765092,46.733492766620415,0.5858690138549295,オランダ 2014(3); ビアンコネーロ 2002-03(3); バイエルン 2000-01(1); ウルグアイ 2014(1); パルマ 1998-99(1),"FC目黒(2619, 66.3); 7990301(2619, 66.3); FC PONTA(2619, 65.6); グリーンラベル(2619, 65.0); スコールズくん(2619, 63.4)"
7,2623,21,ダック,32,10,6,0.3125,0.1875,156.25,54.545130288431544,56.22583047616493,64.2873203328553,53.4122294012027,1.1006268833144488,バイエルン 2000-01(3); ビアンコネーロ 2002-03(2); バルセロナ 1999-2000(1); チェルシー 2004-05(1); ドルトムント 2011-12(1),"舞浜レンガパン(2623, 68.7); ファンタジア(2623, 65.3); エマ;ワトソン(2623, 64.9); FCもうふぶき(2623, 64.4); FC.URAWA(2623, 63.5)"
8,2618,21,ダック,32,10,5,0.3125,0.15625,156.25,52.70234820587408,54.89892916381059,64.12809681006107,48.336576385951936,1.073950685480745,ヴァレンシア 2003-04(3); バルセロナ 1999-2000(1); オランダ 2014(1); イタリア 2012(1); ウルグアイ 2014(1),"舞浜レンガパン(2618, 68.7); はにわ(2618, 65.7); ファンタジア(2618, 65.3); チーム謀(2618, 64.2); FC Zume(2618, 63.8)"
9,2619,2,ウッドコック,32,10,5,0.3125,0.15625,156.25,52.0347025100343,52.1389650742812,63.16178078548683,50.77511859928263,0.49717355919567596,チェルシー 2004-05(2); バイエルン 2000-01(2); ブラジル 2014(1); マドリードA 2013-14(1); ウルグアイ 2014(1),"休止中。(2619, 68.7); 湘南マイティー(2619, 67.1); タツノオトシゴ(2619, 66.3); 戸越↔︎粉浜(2619, 63.2); Lounge(2619, 62.9)"
10,2620,18,ワックスウィング,32,10,5,0.3125,0.15625,156.25,51.752773840413155,52.7907090435902,63.07461117410973,48.75485666083231,0.6579882238094868,バイエルン 2000-01(3); チェルシー 2004-05(2); ヴァレンシア 2003-04(1); オランダ 2014(1); マンチェスターU 1998-99(1),"OMG(2620, 66.1); はらたま軍団(2620, 64.5); 最初と最後やでっせ(2620, 63.8); 黒の衝動(2620, 63.1); FC虹(2620, 62.8)"
11,2616,14,アイビス,32,10,4,0.3125,0.125,156.25,50.784347267986355,53.14141849879343,63.625083966000894,47.09645853760439,0.5101972858464252,ビアンコネーロ 2002-03(2); オランダ 2014(2); イタリア 2012(1); バイエルン 2000-01(1); アルゼンチン 2001(1),"FC PONTA(2616, 67.2); 7990301(2616, 67.1); FC目黒(2616, 65.5); インチェルミラニ(2616, 63.8); ちわわFC(2616, 62.0)"
12,2622,9,ハリアー,32,10,4,0.3125,0.125,156.25,53.26159698803485,53.941477766740206,62.93083650887026,51.813511904266385,0.8252930065192015,チェルシー 2004-05(2); バイエルン 2000-01(2); ビアンコネーロ 2002-03(2); バイエルン 2015-16(1); ブラジル 2014(1),"ジデンFC(2622, 69.6); ペニさんFC(2622, 66.3); FC コレナンデ商会(2622, 66.1); ノリアFC(2622, 63.0); ふきげんぱんだ(2622, 62.6)"
13,2621,18,ワックスウィング,32,10,3,0.3125,0.09375,156.25,51.64302769104068,53.03032064137179,62.07096659343918,47.48338564911216,0.7848963623151266,ウルグアイ 2014(2); バイエルン 2000-01(2); チェルシー 2004-05(2); マンチェスターU 1998-99(1); オランダ 2014(1),"OMG(2621, 66.8); しもたま軍団SET(2621, 63.4); 黒の衝動(2621, 62.8); 最初と最後やでっせ(2621, 62.1); はらたま軍団(2621, 62.0)"
14,2618,2,ウッドコック,32,9,7,0.28125,0.21875,140.625,52.975924841903925,52.27547136330563,65.49523594634934,50.82949405331894,0.8472998453360774,バイエルン 2000-01(2); チェルシー 2004-05(2); イングランド 2020(1); チリ 2014(1); ウルグアイ 2014(1),"休止中。(2618, 68.7); 湘南マイティー(2618, 66.3); タツノオトシゴ(2618, 66.3); copeland(2618, 65.6); アストラ(2618, 64.9)"
15,2617,21,ダック,32,9,6,0.28125,0.1875,140.625,53.59409008347626,54.286399066943964,64.98934979676122,50.7209255980053,1.096380689972725,ヴァレンシア 2003-04(3); ビアンコネーロ 2002-03(2); バイエルン 2000-01(1); バルセロナ 1999-2000(1); ウルグアイ 2014(1),"舞浜レンガパン(2617, 68.7); せーのがさんはい(2617, 65.4); ファンタジア(2617, 65.3); はにわ(2617, 65.0); FC Zume(2617, 65.0)"
16,2618,9,ハリアー,32,9,6,0.28125,0.1875,140.625,53.811351276797566,53.49209709353902,64.95191975243382,56.44511967404442,0.4199427629645761,イタリア 2012(1); バイエルン 2000-01(1); チェルシー 2004-05(1); ベルギー 2013(1); アルゼンチン 2001(1),"ジデンFC(2618, 67.9); ノリアFC(2618, 65.9); チョココロネーロ(2618, 65.2); ふきげんぱんだ(2618, 65.0); 倶楽部賭郎(2618, 64.7)"
17,2617,9,ハリアー,32,9,6,0.28125,0.1875,140.625,52.46356998882006,53.46291325300713,64.57300269454122,50.907912361164165,0.642387305858151,ビアンコネーロ 2002-03(2); ヴァレンシア 2003-04(1); ドルトムント 2011-12(1); ウルグアイ 2014(1); チェルシー 2004-05(1),"ジデンFC(2617, 67.9); 一夫多妻(2617, 65.0); ふきげんぱんだ(2617, 65.0); インテル(2617, 64.6); ペニさんFC(2617, 64.3)"
18,2617,2,ウッドコック,32,9,5,0.28125,0.15625,140.625,52.754084997867146,53.72217520674789,66.16653065888981,50.832361146934154,0.7626981317797517,バイエルン 2000-01(2); チェルシー 2004-05(2); ウルグアイ 2014(2); イングランド 2020(1); チリ 2014(1),"ASピジョン(2617, 68.3); copeland(2617, 66.5); 湘南マイティー(2617, 66.3); タツノオトシゴ(2617, 66.3); PSG(2617, 64.8)"
19,2618,17,ディッパー,32,9,5,0.28125,0.15625,140.625,49.10031898863383,46.91781600153211,63.855336890132875,40.83389998006938,0.7011535449990141,ウルグアイ 2014(2); オランダ 2014(2); チェルシー 2004-05(2); ビアンコネーロ 2002-03(1); マンチェスターU 1998-99(1),"04LS(2618, 68.3); 東京C エスペリオン(2618, 67.2); 琥珀ヱビス1890(2618, 64.2); マジョリティ(2618, 63.9); パッカーーん(2618, 63.2)"
20,2620,14,アイビス,32,9,5,0.28125,0.15625,140.625,50.75470092360158,51.484362318549756,63.64465338490547,46.989880202977794,0.5130723354191582,オランダ 2014(3); ブラジル 2014(1); ウルグアイ 2014(1); チェルシー 2004-05(1); バイエルン 2000-01(1),"FC目黒(2620, 66.3); 7990301(2620, 66.3); スコールズくん(2620, 64.4); グリーンラベル(2620, 63.7); ちわわFC(2620, 63.4)"
21,2620,2,ウッドコック,32,9,5,0.28125,0.15625,140.625,52.92122261688423,53.55730796927904,63.574763354218184,50.249341232535066,0.9034495517446418,バイエルン 2000-01(2); マドリードA 2013-14(1); イングランド 2020(1); イタリア 2012(1); リバプール 2004-05(1),"タツノオトシゴ(2620, 69.3); 湘南マイティー(2620, 67.1); ミーゲン2nd(2620, 64.4); copeland(2620, 63.7); 鬼ヶ島(2620, 62.8)"
22,2623,9,ハリアー,32,9,5,0.28125,0.15625,140.625,53.69416454286777,53.65791275432693,63.45312368501795,54.14564859031768,0.6803196912675935,チェルシー 2004-05(2); ビアンコネーロ 2002-03(2); バイエルン 2000-01(2); ヴァレンシア 2003-04(1); ブラジル 2014(1),"ジデンFC(2623, 69.6); FC コレナンデ商会(2623, 67.2); ペニさんFC(2623, 65.5); らむくんず(2623, 63.5); チョココロネーロ(2623, 63.1)"
23,2618,14,アイビス,32,9,5,0.28125,0.15625,140.625,50.19062679117255,51.84124637007736,63.34618616368676,44.0188934835607,0.6928187063569023,オランダ 2014(3); バイエルン 2000-01(2); ビアンコネーロ 2002-03(2); チェルシー 2004-05(1); パルマ 1998-99(1),"FC目黒(2618, 66.3); 7990301(2618, 66.3); インチェルミラニ(2618, 65.6); スコールズくん(2618, 63.4); FC PONTA(2618, 63.1)"
24,2620,6,スラッシュ,32,9,5,0.28125,0.15625,140.625,48.4474934511989,52.71135409934,62.89174432096882,42.5332607414432,0.22800455386740526,チェルシー 2004-05(1); ビアンコネーロ 2002-03(1); バイエルン 2000-01(1); コートジボワール 2014(1); ドイツ 2000(1),"Rユース(2620, 68.7); イワキリ(2620, 66.3); CFC(2620, 65.9); 乃木憂助(2620, 62.9); チップスター(2620, 62.8)"
25,2621,17,ディッパー,32,9,5,0.28125,0.15625,140.625,49.71428707778659,48.646402409386354,62.84242628296885,43.57431259512755,0.5709192558971472,チェルシー 2004-05(2); アルゼンチン 2001(1); リバプール 2004-05(1); パルマ 1998-99(1); バイエルン 2000-01(1),"04LS(2621, 68.5); 東京C エスペリオン(2621, 68.4); ペタグー(2621, 63.7); パッカーーん(2621, 62.8); centrale(2621, 62.8)"
26,2621,5,クレイク,32,9,4,0.28125,0.125,140.625,50.48963633657342,49.816945045277826,62.91509484581297,44.87579810780042,0.6927282567317985,ウルグアイ 2014(2); ブラジル 2014(2); ビアンコネーロ 2002-03(1); バイエルン 2000-01(1); リバプール 2004-05(1),"Spurs(2621, 65.7); MARS(2621, 64.7); アズリ(2621, 63.4); Mambo(2621, 62.9); REAL ONO(2621, 62.7)"
27,2619,18,ワックスウィング,32,9,3,0.28125,0.09375,140.625,49.56315295402089,51.86267625369533,62.505231038638215,43.625082110811256,0.5068100323538132,バイエルン 2000-01(2); ウルグアイ 2014(2); マンチェスターU 1998-99(1); ヴァレンシア 2003-04(1); オランダ 2014(1),"OMG(2619, 65.8); はらたま軍団(2619, 65.0); 最初と最後やでっせ(2619, 63.1); ナガノオリンピコＦＣ(2619, 62.5); 黒の衝動(2619, 62.3)"
28,2618,4,カナード,32,9,2,0.28125,0.0625,140.625,52.01118235219331,51.05791722886774,62.15369799618603,50.891576653625236,0.47280395827366406,ウルグアイ 2014(2); マドリード 2001-02(1); バイエルン 2000-01(1); ブラジル 2006(1); ヴァレンシア 2003-04(1),"デマ長万部(2618, 66.5); NTB (2618, 62.9); ざみーとす(2618, 62.5); はさふにやひる(2618, 62.2); 翼神竜(2618, 62.1)"
29,2621,9,ハリアー,32,9,2,0.28125,0.0625,140.625,54.75521107876372,55.18729262455051,61.76231091110656,56.41283856417737,0.7825594077376681,チェルシー 2004-05(2); ビアンコネーロ 2002-03(2); ウルグアイ 2014(1); ドルトムント 2011-12(1); バイエルン 2015-16(1),"ジデンFC(2621, 70.4); ペニさんFC(2621, 65.1); ノリアFC(2621, 61.9); チョココロネーロ(2621, 61.8); ふきげんぱんだ(2621, 61.3)"
30,2622,4,カナード,32,9,1,0.28125,0.03125,140.625,51.16915506329841,51.077318056591274,62.06272185491501,48.98877057323614,0.4054044923070042,ブラジル 2006(1); スペイン 2012(1); マドリード 2001-02(1); ウルグアイ 2014(1); パルマ 1998-99(1),"ざみーとす(2622, 67.3); 翼神竜(2622, 62.7); コルホーズ(2622, 62.3); はさふにやひる(2622, 62.2); グランアレグリア(2622, 61.2)"
31,2620,4,カナード,32,9,1,0.28125,0.03125,140.625,50.675154899035235,50.42631329841501,62.033455433043045,47.78583185826179,0.3773443291043391,ウルグアイ 2014(2); ヴァレンシア 2003-04(1); スペイン 2012(1); ブラジル 2006(1); チェルシー 2004-05(1),"ざみーとす(2620, 66.4); デマ長万部(2620, 62.6); はさふにやひる(2620, 62.2); 翼神竜(2620, 62.1); ひまじん(2620, 61.4)"
32,2616,2,ウッドコック,32,8,5,0.25,0.15625,125.0,51.82069585943894,52.45328916482149,64.63413367551597,48.35061516029925,0.7373697204753246,チェルシー 2004-05(2); バイエルン 2000-01(2); マドリードA 2013-14(1); ウルグアイ 2014(1); イングランド 2020(1),"ASピジョン(2616, 67.4); タツノオトシゴ(2616, 66.3); 湘南マイティー(2616, 65.1); PSG(2616, 64.8); copeland(2616, 62.9)"
33,2621,6,スラッシュ,32,8,5,0.25,0.15625,125.0,48.66814698922506,48.43496452160716,63.632512921380034,41.92759896888071,0.39207520262646484,ビジャレアル 2005-06(1); ビアンコネーロ 2002-03(1); ドイツ 2000(1); リバプール 2004-05(1); ネラッズーロ 2009-10(1),"Rユース(2621, 68.7); CFC(2621, 67.2); イワキリ(2621, 66.3); 乃木憂助(2621, 63.7); チップスター(2621, 62.8)"
34,2618,5,クレイク,32,8,5,0.25,0.15625,125.0,51.18376884677732,53.966377504272344,63.38556636314897,46.648906067922226,0.7211749560381175,ブラジル 2014(2); ウルグアイ 2014(2); クリスマス・ツリー(1); チェルシー 2004-05(1); ビアンコネーロ 2002-03(1),"Mambo(2618, 66.8); MARS(2618, 65.5); ビーグル(2618, 63.8); 名古屋サロンパス(2618, 63.4); REAL ONO(2618, 63.2)"
35,2622,1,アウル,32,8,5,0.25,0.15625,125.0,51.164334675050036,53.22781705977596,62.95763250413267,46.44313085309317,0.7410787150115168,バイエルン 2000-01(2); クリスマス・ツリー(1); ヴァレンシア 2003-04(1); ポルトガル 2014(1); ビアンコネーロ 2002-03(1),"Rコンシェルジュ(2622, 70.0); -Horiz-(2622, 64.2); モジダスクルーゼス(2622, 64.1); ビンタンユナイテッド(2622, 63.0); 颯FC(2622, 62.8)"
36,2620,9,ハリアー,32,8,4,0.25,0.125,125.0,52.93598884733255,54.929223954397386,64.73790184079849,51.82193679656209,0.700558754995786,ビアンコネーロ 2002-03(3); オランダ 2014(1); バイエルン 2000-01(1); ヴァレンシア 2003-04(1); ウルグアイ 2014(1),"ジデンFC(2620, 68.8); ノリアFC(2620, 66.8); ペニさんFC(2620, 65.1); チョココロネーロ(2620, 65.0); ふきげんぱんだ(2620, 62.6)"
37,2619,17,ディッパー,32,8,4,0.25,0.125,125.0,49.561852471789535,49.02566089920657,64.30437902442631,41.72378225101761,0.7583931569175357,オランダ 2014(2); ウルグアイ 2014(2); バイエルン 2000-01(1); チェルシー 2004-05(1); マンチェスターU 1998-99(1),"04LS(2619, 69.2); ペタグー(2619, 65.8); 東京C エスペリオン(2619, 64.7); パッカーーん(2619, 64.5); サンケイスワローズ(2619, 62.4)"
38,2618,18,ワックスウィング,32,8,4,0.25,0.125,125.0,49.02516900158248,48.982985237437525,62.78107615190726,40.51213848468508,0.7152823858215798,バイエルン 2000-01(3); チェルシー 2004-05(1); マンチェスターU 1998-99(1); オランダ 2014(1); コロンビア 2013(1),"はらたま軍団(2618, 66.0); しもたま軍団(2618, 65.7); OMG(2618, 65.4); 最初と最後やでっせ(2618, 62.9); ナガノオリンピコＦＣ(2618, 61.7)"
39,2618,6,スラッシュ,32,8,4,0.25,0.125,125.0,47.06184457555852,47.28179621898295,62.76131869801685,37.88093970808462,0.3187532563680967,ビジャレアル 2005-06(1); リバプール 2004-05(1); ネラッズーロ 2009-10(1); ウルグアイ 2014(1); チェルシー 2004-05(1),"Rユース(2618, 68.7); イワキリ(2618, 66.3); CFC(2618, 63.6); チップスター(2618, 62.8); びっくえんじぇる‼️(2618, 62.0)"
40,2623,1,アウル,32,8,3,0.25,0.09375,125.0,50.751735008809696,52.20028291352533,62.680803594379086,47.212257722745065,0.4824632185633473,バイエルン 2000-01(2); ビアンコネーロ 2002-03(2); ヴァレンシア 2003-04(1); ポルトガル 2014(1); ドルトムント 2011-12(1),"Rコンシェルジュ(2623, 70.0); メガネパンサー(2623, 66.5); はたのっちFC 99(2623, 65.9); モジダスクルーゼス(2623, 62.7); Juve0203(2623, 62.2)"
41,2623,16,フィンチ,32,8,3,0.25,0.09375,125.0,50.19720410001358,51.84302910369405,62.4501093598396,46.7505925335184,0.3331435069630935,ブラジル 2014(3); オランダ 2014(2); バイエルン 2015-16(1); ラツィオ 1999-2000(1); バイエルン 2000-01(1),"FCOMU(2623, 65.2); 猫1匹(2623, 63.7); ヤマト・インダスト(2623, 63.1); 　いか(2623, 62.6); ピエモンテ(2623, 61.2)"
42,2617,4,カナード,32,8,3,0.25,0.09375,125.0,50.90007186888633,52.80686339743124,62.279773214854025,48.706934900999414,0.34061309053824856,ウルグアイ 2014(2); ヴァレンシア 2003-04(1); バイエルン 2000-01(1); ブラジル 2006(1); オランダ 1974(1),"デマ長万部(2617, 66.3); NTB (2617, 62.9); レフモン(2617, 62.8); コルホーズ(2617, 62.3); 大鳥スターズ(2617, 62.0)"
43,2621,10,バザード,32,8,3,0.25,0.09375,125.0,50.78425284671241,51.09253282067475,62.115149807408606,48.627191331704964,0.30721485786772323,ウルグアイ 2014(2); ビアンコネーロ 2002-03(1); バイエルン 2000-01(1); ブラジル 2014(1); トッテナム 2018-19(1),"FC.OGAWA(2621, 65.2); 和光FC(2621, 64.6); FC ROSE(2621, 63.8); ガキオールグランツェ(2621, 62.1); ver-milion(2621, 62.0)"
44,2621,13,クート,32,8,3,0.25,0.09375,125.0,48.1420933183355,48.11208926229412,61.01002973328712,39.785660522088335,0.47633974000160567,チェルシー 2004-05(2); ビアンコネーロ 2002-03(2); オランダ 2014(1); バイエルン 2000-01(1); ヴァレンシア 2003-04(1),"松阪牛FC(2621, 66.5); 長崎ちゃんぽんず(2621, 65.1); FC  ぐでたま(2621, 62.9); バナントンガラグ(2621, 61.0); FC富士急(2621, 61.0)"
45,2621,1,アウル,32,8,2,0.25,0.0625,125.0,49.84062766169575,50.67041981869981,62.05322539287498,44.839160981118106,0.45118923796162036,バイエルン 2000-01(2); チェルシー 2004-05(1); イタリア 2012(1); ポルトガル 2014(1); ドルトムント 2011-12(1),"Rコンシェルジュ(2621, 70.0); -Horiz-(2621, 64.9); モジダスクルーゼス(2621, 62.2); ビンタンユナイテッド(2621, 62.1); メガネパンサー(2621, 61.7)"
46,2622,5,クレイク,32,7,6,0.21875,0.1875,109.375,51.55188684722331,54.280175159532774,65.03641284707052,46.235137071853764,0.9157891518201001,ブラジル 2014(3); バイエルン 2000-01(2); ウルグアイ 2014(1); チェルシー 2004-05(1),"Mambo(2622, 66.8); MARS(2622, 66.3); Spurs(2622, 65.7); いちご(2622, 65.0); REAL ONO(2622, 65.0)"
47,2618,8,グース,32,7,5,0.21875,0.15625,109.375,49.370029926040424,48.00655924529141,64.57457144696777,43.41041496416591,0.46195164778419623,バイエルン 2000-01(2); オランダ 1974(1); ウルグアイ 2014(1); ビアンコネーロ 2002-03(1); チェルシー 2004-05(1),"ガンバル部(2618, 68.4); 爽やかナ・デ・シココ(2618, 66.8); みゃおFC(2618, 66.7); ヴィクトワレ(2618, 64.6); HITACHI(2618, 64.1)"
48,2617,17,ディッパー,32,7,5,0.21875,0.15625,109.375,48.2177459080515,45.00734667029002,63.83201442901678,39.67469430904422,0.5197733251125084,チェルシー 2004-05(2); オランダ 2014(2); マンチェスターU 1998-99(1); ビアンコネーロ 2002-03(1); バイエルン 2000-01(1),"04LS(2617, 67.5); 琥珀ヱビス1890(2617, 65.5); 東京C エスペリオン(2617, 64.0); マジョリティ(2617, 63.8); パッカーーん(2617, 63.7)"
49,2619,1,アウル,32,7,5,0.21875,0.15625,109.375,49.35060540735127,47.27775937691517,62.863616170186006,44.75075028225925,0.2768736896586006,ポルトガル 2014(1); イタリア 2012(1); クリスマス・ツリー(1); ビアンコネーロ 2002-03(1); バイエルン 2000-01(1),"Rコンシェルジュ(2619, 70.0); Juve0203(2619, 67.8); メガネパンサー(2619, 65.7); -Horiz-(2619, 62.9); ACミラン(2619, 62.8)"
50,2616,15,スターリング,32,7,4,0.21875,0.125,109.375,50.399532487680425,52.200866365011485,65.65014023334152,46.91873702997976,0.3876647447943847,ビアンコネーロ 2002-03(2); ベルギー 2013(1); マドリード 2001-02(1); オランダ 2014(1); ブラジル 2014(1),"幻燈 (2616, 67.4); ケントデリカッターズ(2616, 66.8); CHARM(2616, 66.3); ForzaInter(2616, 66.0); アトム(2616, 62.4)"
51,2616,8,グース,32,7,4,0.21875,0.125,109.375,48.940915583138626,50.404354790533844,63.475922011769526,43.55999118988752,0.27920719217323714,バイエルン 2000-01(3); クリスマス・ツリー(1); アルゼンチン 2022(1); ウルグアイ 2014(1); チェルシー 2004-05(1),"ガンバル部(2616, 67.2); ヴィクトワレ(2616, 66.3); HITACHI(2616, 64.3); 爽やかナ・デ・シココ(2616, 63.7); ゾンビ軍団(2616, 61.5)"
52,2616,21,ダック,32,7,4,0.21875,0.125,109.375,51.236570561779175,52.669739070644866,63.4417297764576,46.74953677628043,0.7278793968671611,ヴァレンシア 2003-04(3); バイエルン 2000-01(1); ビアンコネーロ 2002-03(1); バルセロナ 1999-2000(1); オランダ 2014(1),"FC.URAWA(2616, 69.9); 舞浜レンガパン(2616, 69.6); ファンタジア(2616, 65.3); チーム謀(2616, 63.7); ヤマロク(2616, 61.3)"
53,2619,5,クレイク,32,7,4,0.21875,0.125,109.375,50.9609317417569,51.8463586049748,63.21009562643414,47.20963166995851,0.5622330121421253,ウルグアイ 2014(2); クリスマス・ツリー(1); バイエルン 2000-01(1); ブラジル 2014(1); ビアンコネーロ 2002-03(1),"Mambo(2619, 66.3); MARS(2619, 66.0); Spurs(2619, 63.4); ビーグル(2619, 63.3); 名古屋サロンパス(2619, 62.1)"
54,2623,2,ウッドコック,32,7,4,0.21875,0.125,109.375,51.94123866552518,51.32985373415164,63.00227798081758,49.596257072581764,0.6179849934587078,バイエルン 2000-01(2); マドリードA 2013-14(1); アルゼンチン 2001(1); イングランド 2020(1); オランダ 2014(1),"ユーベニーズ(2623, 68.7); copeland(2623, 66.4); 湘南マイティー(2623, 66.3); 鬼ヶ島(2623, 63.2); ミーゲン2nd(2623, 61.5)"
55,2620,5,クレイク,32,7,4,0.21875,0.125,109.375,50.8067594885315,50.78174400570399,62.903614024784716,45.9472007028177,0.6710762204740062,ウルグアイ 2014(2); リバプール 2004-05(1); バイエルン 2000-01(1); クリスマス・ツリー(1); チェルシー 2004-05(1),"ビーグル(2620, 67.3); Spurs(2620, 65.7); MARS(2620, 63.9); Mambo(2620, 62.9); ランポシン(2620, 62.6)"
56,2621,14,アイビス,32,7,4,0.21875,0.125,109.375,50.66268029874926,51.71900908112468,62.80604119376645,45.557497928210076,0.6680438051359467,オランダ 2014(2); ウルグアイ 2014(1); チェルシー 2004-05(1); ブラジル 2014(1); バイエルン 2000-01(1),"FC目黒(2621, 66.3); スコールズくん(2621, 63.9); ちわわFC(2621, 63.2); ボナセーラ(2621, 62.9); FCまよね〜ず(2621, 61.6)"
57,2620,13,クート,32,7,4,0.21875,0.125,109.375,47.84656515860403,47.53522144581905,62.79425300093499,39.94204684415799,0.3434084436626428,チェルシー 2004-05(2); イタリア 2012(1); ビアンコネーロ 2002-03(1); オランダ 2014(1); ヴァレンシア 2003-04(1),"松阪牛FC(2620, 68.6); 長崎ちゃんぽんず(2620, 65.7); FC  ぐでたま(2620, 64.7); バナントンガラグ(2620, 63.0); 三元豚FC⭐︎(2620, 61.1)"
58,2620,17,ディッパー,32,7,4,0.21875,0.125,109.375,48.82442364491726,47.07952940292034,62.663565845904984,40.20106220483649,0.680312231496408,オランダ 2014(1); リバプール 2004-05(1); チェルシー 2004-05(1); パルマ 1998-99(1); ウルグアイ 2014(1),"04LS(2620, 69.3); ペタグー(2620, 65.3); 東京C エスペリオン(2620, 64.7); centrale(2620, 62.8); 琥珀ヱビス1890(2620, 61.6)"
59,2618,1,アウル,32,7,4,0.21875,0.125,109.375,51.56187275815372,51.60912453715551,62.657538463819044,49.410786444557516,0.49854850796199246,ヴァレンシア 2003-04(1); イタリア 2012(1); ポルトガル 2014(1); チェルシー 2004-05(1); ビアンコネーロ 2002-03(1),"Rコンシェルジュ(2618, 70.0); Juve0203(2618, 66.5); メガネパンサー(2618, 63.4); ACミラン(2618, 62.8); 颯FC(2618, 61.5)"
60,2620,8,グース,32,7,4,0.21875,0.125,109.375,51.54195643045643,53.0367252913707,62.60715300435442,50.133102148711465,0.39522169316220507,バイエルン 2000-01(1); クリスマス・ツリー(1); ビアンコネーロ 2002-03(1); アルゼンチン 2022(1); ウルグアイ 2014(1),"ガンバル部(2620, 67.2); みゃおFC(2620, 65.4); 爽やかナ・デ・シココ(2620, 64.5); エルサEXE(2620, 62.8); HITACHI(2620, 61.2)"
61,2619,16,フィンチ,32,7,3,0.21875,0.09375,109.375,47.96363045771197,50.182024726680865,62.620311304447554,41.29551286589671,0.20840801643602472,オランダ 2014(2); ブラジル 2014(2); コートジボワール 2014(1); バイエルン 2000-01(1); ビアンコネーロ 2002-03(1),"ピエモンテ(2619, 63.7); 　いか(2619, 63.4); VF甲府(2619, 63.3); ヤマト・インダスト(2619, 62.7); 猫1匹(2619, 62.1)"
62,2620,1,アウル,32,7,3,0.21875,0.09375,109.375,50.187732175569934,52.30045249685162,62.58242344886072,45.76125860652072,0.46071468900603424,ドルトムント 2011-12(1); ヴァレンシア 2003-04(1); クリスマス・ツリー(1); ブラジル 2014(1); イタリア 2012(1),"Rコンシェルジュ(2620, 70.0); -Horiz-(2620, 64.2); Juve0203(2620, 64.0); ビンタンユナイテッド(2620, 62.7); 颯FC(2620, 61.5)"
63,2622,3,スナイプ,32,7,3,0.21875,0.09375,109.375,47.53084174205086,48.154526003719894,62.44421887553581,40.05500549445431,0.20856770777381223,チェルシー 2004-05(1); ビアンコネーロ 1995-96(1); ウルグアイ 2014(1); アムステルダム 1994-95(1); ドルトムント 2011-12(1),"アルビセレステ(2622, 66.3); ＡＣ夕べ(2622, 63.8); ゆるりん(2622, 62.8); ジュフユナイテッド(2622, 62.5); 第2の人生スタート(2622, 61.6)"
64,2617,1,アウル,32,7,3,0.21875,0.09375,109.375,49.90316946759316,49.69398483732188,62.37989593000173,46.600286011680055,0.24144097227939953,バイエルン 2000-01(2); クリスマス・ツリー(1); ビアンコネーロ 2002-03(1); ポルトガル 2014(1); ヴァレンシア 2003-04(1),"Rコンシェルジュ(2617, 67.3); メガネパンサー(2617, 66.1); Juve0203(2617, 62.9); -Horiz-(2617, 62.4); 颯FC(2617, 62.1)"
65,2617,14,アイビス,32,7,3,0.21875,0.09375,109.375,49.21772484696069,47.75281563959266,62.180417650358024,43.85392825078082,0.3453273813235416,ビアンコネーロ 2002-03(2); パルマ 1998-99(1); バイエルン 2000-01(1); チェルシー 2004-05(1); オランダ 2014(1),"FC目黒(2617, 66.3); FC PONTA(2617, 65.0); 7990301(2617, 63.9); インチェルミラニ(2617, 62.2); FCまよね〜ず(2617, 61.9)"
66,2619,4,カナード,32,7,3,0.21875,0.09375,109.375,51.23912584288901,52.83136902227477,62.15369799618603,48.888678394286416,0.4452392819638671,バイエルン 2000-01(1); ブラジル 2006(1); チェルシー 2004-05(1); パルマ 1998-99(1); スペイン 2012(1),"ざみーとす(2619, 65.1); コルホーズ(2619, 63.1); NTB (2619, 62.9); はさふにやひる(2619, 62.2); 翼神竜(2619, 62.1)"
67,2622,15,スターリング,32,7,3,0.21875,0.09375,109.375,52.065463151602025,53.37957847215121,61.99036861882901,50.52870062457259,0.541522271163418,ブラジル 2014(2); ポルトガル 2014(1); ドルトムント 2011-12(1); マドリード 2001-02(1); バイエルン 2000-01(1),"CHARM(2622, 66.7); 幻燈 (2622, 65.6); ケントデリカッターズ(2622, 62.8); kon(2622, 62.0); もに (2622, 61.7)"
68,2622,17,ディッパー,32,7,3,0.21875,0.09375,109.375,49.16616541978919,50.454248864448786,61.855473670093026,40.98427043491662,0.7062158563685278,バイエルン 2000-01(1); アルゼンチン 2001(1); パルマ 1998-99(1); ウルグアイ 2014(1); チェルシー 2004-05(1),"04LS(2622, 67.0); 東京C エスペリオン(2622, 66.0); ペタグー(2622, 63.4); パッカーーん(2622, 61.9); 琥珀ヱビス1890(2622, 61.6)"
69,2623,18,ワックスウィング,32,7,3,0.21875,0.09375,109.375,49.73672758740839,50.38493721075538,61.781031176557235,43.94121762804639,0.5307940497180139,ウルグアイ 2014(2); オランダ 2014(1); コロンビア 2013(1); リバプール 2004-05(1); ヴァレンシア 2003-04(1),"OMG(2623, 66.8); はらたま軍団(2623, 64.8); しもジャパ合唱団Å(2623, 64.3); 東京EG next(2623, 61.9); 俺か俺以外か(2623, 60.5)"
70,2616,9,ハリアー,32,7,3,0.21875,0.09375,109.375,52.662138977512,51.69630738674657,61.7629150330337,52.21032929860068,0.5450979440053045,オランダ 2014(1); チェルシー 2004-05(1); ドルトムント 2011-12(1); ヴァレンシア 2003-04(1); バイエルン 2000-01(1),"ジデンFC(2616, 67.9); 倶楽部賭郎(2616, 66.1); ペニさんFC(2616, 65.5); ふきげんぱんだ(2616, 61.8); セレッソ蒼天掘(2616, 61.4)"
71,2622,16,フィンチ,32,7,2,0.21875,0.0625,109.375,50.206410181778494,50.176740066489245,62.23192425730229,45.95895910555561,0.4415944079869198,オランダ 2014(2); ブラジル 2014(2); バイエルン 2015-16(1); イタリア 2012(1); バイエルン 2000-01(1),"FCOMU(2622, 65.7); 猫1匹(2622, 64.5); 　いか(2622, 62.6); チョコポメ(2622, 62.3); ピエモンテ(2622, 61.9)"
72,2622,18,ワックスウィング,32,7,2,0.21875,0.0625,109.375,48.38708601047875,48.82401241646261,62.00357909592242,41.04399847072245,0.4025192074789072,バイエルン 2000-01(2); ヴァレンシア 2003-04(1); ウルグアイ 2014(1); コロンビア 2013(1); オランダ 2014(1),"OMG(2622, 65.5); はらたま軍団(2622, 64.8); ナガノオリンピコＦＣ(2622, 62.3); 東京EG next(2622, 62.2); 釜玉FC(2622, 60.6)"
73,2618,12,パートリッジ,32,7,2,0.21875,0.0625,109.375,50.35148837654711,50.895684627960094,61.60073248582611,44.808132036654996,0.6492515826763084,ブラジル 2014(2); マドリードA 2013-14(1); バイエルン 2000-01(1); イタリア 2006(1); ウルグアイ 2014(1),"まるちゃんFC(2618, 69.6); テンペスト(2618, 66.5); プッチョ(2618, 62.4); りぃくんず(2618, 61.6); セリエまたり村(2618, 61.2)"
74,2623,4,カナード,32,7,1,0.21875,0.03125,109.375,50.22495160627956,51.96698702805776,62.42302617862701,46.718132172264845,0.34798149711717513,ウルグアイ 2014(1); オランダ 2014(1); ビアンコネーロ 2002-03(1); ドルトムント 2011-12(1); マドリード 2001-02(1),"グランアレグリア(2623, 63.1); ポテチ(2623, 62.5); FC ＯNＥ-Ｕ(2623, 62.5); アバャー(2623, 62.5); デマ長万部(2623, 62.1)"
75,2617,7,オークレット,32,7,1,0.21875,0.03125,109.375,51.08676795751158,50.15598389415872,60.903064122573824,48.65279897549476,0.41866975213298463,ヴァレンシア 2003-04(2); ブラジル 2014(2); バイエルン 2000-01(1); ビアンコネーロ 2013-14(1); バイエルン 2013-14(1),"雪山特攻隊(2617, 63.7); まりた、た(2617, 61.7); たらたわ(2617, 61.5); blacklabel(2617, 60.9); にかやにや(2617, 60.9)"
76,2616,6,スラッシュ,32,6,6,0.1875,0.1875,93.75,47.328770888053526,47.30074544218515,65.05589109969011,39.375658334462926,0.22192016879565682,ネラッズーロ 2009-10(1); ウルグアイ 2014(1); バイエルン 2000-01(1); ビアンコネーロ 2002-03(1); チェルシー 2004-05(1),"Rユース(2616, 70.0); CFC(2616, 67.3); イワキリ(2616, 66.3); びっくえんじぇる‼️(2616, 65.2); 吐露非狩古鬱(2616, 64.0)"
77,2620,3,スナイプ,32,6,5,0.1875,0.15625,93.75,46.03853314623695,43.070925360544166,64.82741936375723,36.743787693538934,0.08101775995801302,バイエルン 2013-14(1); ビアンコネーロ 2002-03(1); レバークーゼン 2001-02(1); バイエルン 2000-01(1); ドルトムント 2011-12(1),"ＡＣ夕べ(2620, 66.5); アルビセレステ(2620, 66.0); 広島東洋カープ(2620, 65.3); ゆるりん(2620, 64.9); つやつやアンドルフ2(2620, 64.2)"
78,2616,17,ディッパー,32,6,5,0.1875,0.15625,93.75,46.192775538151466,43.749834603948,63.131262773977404,34.28450036262283,0.46563152022032483,チェルシー 2004-05(2); マンチェスターU 1998-99(1); オランダ 2014(1); バイエルン 2000-01(1); ビアンコネーロ 2002-03(1),"04LS(2616, 67.5); 琥珀ヱビス1890(2616, 66.3); 東京C エスペリオン(2616, 64.8); まいほみ(2616, 63.1); マジョリティ(2616, 63.0)"
79,2617,8,グース,32,6,4,0.1875,0.125,93.75,48.26512705515351,49.877837737350575,64.03605789194003,41.564766169585894,0.2871733674396485,バイエルン 2000-01(2); ウルグアイ 2014(1); クリスマス・ツリー(1); アルゼンチン 2022(1); チェルシー 2004-05(1),"ガンバル部(2617, 67.2); ヴィクトワレ(2617, 66.3); 爽やかナ・デ・シココ(2617, 64.7); HITACHI(2617, 64.3); ゾンビ軍団(2617, 61.5)"
80,2618,15,スターリング,32,6,4,0.1875,0.125,93.75,50.89991142880501,51.90819634825087,63.447498267658865,46.97069730002793,0.5707448597287822,オランダ 2014(1); ベルギー 2013(1); ビアンコネーロ 2002-03(1); バイエルン 2000-01(1); ブラジル 2014(1),"幻燈 (2618, 68.0); CHARM(2618, 65.4); ForzaInter(2618, 64.4); ケントデリカッターズ(2618, 63.6); アトム(2618, 61.7)"
81,2616,18,ワックスウィング,32,6,4,0.1875,0.125,93.75,48.42671207138172,49.05706508452066,63.44269276117964,41.26633184645154,0.38808600486045486,バイエルン 2000-01(2); マンチェスターU 1998-99(1); ウルグアイ 2014(1); ベルギー 2013(1); ヴァレンシア 2003-04(1),"OMG(2616, 65.9); しもたま軍団(2616, 65.5); 釜玉FC(2616, 63.7); はらたま軍団(2616, 63.7); 最初と最後やでっせ(2616, 61.3)"
82,2617,18,ワックスウィング,32,6,4,0.1875,0.125,93.75,48.40872053865813,50.687216815261436,63.35291492086026,40.307632924687155,0.5083610844594655,バイエルン 2000-01(3); マンチェスターU 1998-99(1); ウルグアイ 2014(1); オランダ 2014(1),"しもたま軍団(2617, 66.0); OMG(2617, 64.7); 最初と最後やでっせ(2617, 64.0); はらたま軍団(2617, 63.7); 東京EG next(2617, 60.4)"
83,2619,12,パートリッジ,32,6,4,0.1875,0.125,93.75,51.533310400163224,53.347379420260495,62.9077067288872,49.025612907520156,0.5387716142901889,ウルグアイ 2014(1); ビアンコネーロ 2002-03(1); バイエルン 2000-01(1); イタリア 2006(1); ブラジル 2014(1),"まるちゃんFC(2619, 70.4); テンペスト(2619, 66.0); りぃくんず(2619, 64.2); セリエまたり村(2619, 63.0); プッチョ(2619, 62.1)"
84,2617,6,スラッシュ,32,6,4,0.1875,0.125,93.75,47.95418654948323,48.546522166328174,62.76131869801685,40.81354581836522,0.2687224620907385,バイエルン 2000-01(1); コートジボワール 2014(1); ウルグアイ 2014(1); ネラッズーロ 2009-10(1); チェルシー 2004-05(1),"Rユース(2617, 68.7); イワキリ(2617, 66.3); 吐露非狩古鬱(2617, 63.5); チップスター(2617, 62.8); びっくえんじぇる‼️(2617, 62.0)"
85,2619,6,スラッシュ,32,6,4,0.1875,0.125,93.75,47.82397653636425,48.364890150407575,62.76131869801685,40.37040255754302,0.27804069596132774,チェルシー 2004-05(1); バイエルン 2000-01(1); コートジボワール 2014(1); ウルグアイ 2014(1); ネラッズーロ 2009-10(1),"Rユース(2619, 68.7); イワキリ(2619, 66.3); 吐露非狩古鬱(2619, 63.2); チップスター(2619, 62.8); びっくえんじぇる‼️(2619, 62.0)"
86,2621,2,ウッドコック,32,6,4,0.1875,0.125,93.75,51.83668765535946,50.440897514791644,62.61646824790415,48.39431400792154,0.7376473614654724,バイエルン 2000-01(2); ブラジル 2014(1); アルゼンチン 2001(1); マドリードA 2013-14(1); チェルシー 2004-05(1),"タツノオトシゴ(2621, 69.6); 湘南マイティー(2621, 67.1); copeland(2621, 63.8); ミーゲン2nd(2621, 62.8); アストラ(2621, 61.1)"
87,2623,5,クレイク,32,6,3,0.1875,0.09375,93.75,48.761711070820375,50.92736025698115,62.650861738481396,41.82963417552974,0.44058514775477176,ブラジル 2014(2); ウルグアイ 2014(1); オランダ 2014(1); チェルシー 2004-05(1); バイエルン 2000-01(1),"Mambo(2623, 66.6); MARS(2623, 66.3); アズリ(2623, 65.0); REAL ONO(2623, 62.7); Spurs(2623, 62.6)"
88,2621,3,スナイプ,32,6,3,0.1875,0.09375,93.75,46.51995664593384,45.436313271995516,62.52416692379621,36.67072718358926,0.2734768541179302,ウルグアイ 2014(1); ドルトムント 2011-12(1); バイエルン 2000-01(1); ビアンコネーロ 1995-96(1); レバークーゼン 2001-02(1),"ＡＣ夕べ(2621, 65.9); アルビセレステ(2621, 65.2); ゆるりん(2621, 64.1); ジュフユナイテッド(2621, 62.5); FC92+(2621, 62.4)"
89,2622,11,ピピット,32,6,3,0.1875,0.09375,93.75,50.13782377244614,49.264561577593696,62.27567444566444,47.99604215641536,0.14547638024126316,ブラジル 2014(2); バイエルン 2000-01(1); ヴァレンシア 2003-04(1); リバプール 2004-05(1); チェルシー 2004-05(1),"バナナサブその２(2622, 67.5); anna(2622, 64.0); NCルン(2622, 62.9); こそっと(2622, 62.5); ZAN(2622, 60.1)"
90,2622,6,スラッシュ,32,6,3,0.1875,0.09375,93.75,46.81067831335137,45.969548048529305,62.24363438367116,37.33146953173824,0.29624736244625544,チェルシー 2004-05(1); ビアンコネーロ 2002-03(1); ウルグアイ 2014(1); バイエルン 2000-01(1); ネラッズーロ 2009-10(1),"Rユース(2622, 68.7); CFC(2622, 67.1); イワキリ(2622, 64.5); 吐露非狩古鬱(2622, 62.3); FC JRA(2622, 61.5)"
91,2618,16,フィンチ,32,6,3,0.1875,0.09375,93.75,50.21433223060509,50.97093762060403,62.23358882497053,45.43374613880056,0.5142354478113487,オランダ 2014(2); ブラジル 2014(2); ビアンコネーロ 2002-03(1); マンチェスターU 1998-99(1),"猫1匹(2618, 63.7); 　いか(2618, 63.4); ピエモンテ(2618, 63.2); ヤマト・インダスト(2618, 62.4); VF甲府(2618, 60.7)"
92,2620,16,フィンチ,32,6,3,0.1875,0.09375,93.75,49.82186523237918,50.727280086589644,61.72413527294012,44.775000672327174,0.4525725324500629,ブラジル 2014(2); ビアンコネーロ 2002-03(1); オランダ 2014(1); バイエルン 2015-16(1); イタリア 2012(1),"VF甲府(2620, 64.2); Cataluña(2620, 63.2); 猫1匹(2620, 62.9); チョコポメ(2620, 61.7); ピエモンテ(2620, 61.6)"
93,2619,8,グース,32,6,3,0.1875,0.09375,93.75,49.71263689204675,48.646817765530095,61.598909618693234,43.97555039415469,0.517096123453142,バイエルン 2000-01(2); ビアンコネーロ 2002-03(1); チェルシー 2004-05(1); ウルグアイ 2014(1); アルゼンチン 2022(1),"ガンバル部(2619, 67.1); みゃおFC(2619, 66.7); 爽やかナ・デ・シココ(2619, 64.8); HITACHI(2619, 61.7); ヴィクトワレ(2619, 60.8)"
94,2617,20,ホーク,32,6,3,0.1875,0.09375,93.75,50.540652325698595,51.19158623886847,61.434219708060176,46.40119978793554,0.5098567237980819,マドリードA 2013-14(1); ウルグアイ 2014(1); バイエルン 2000-01(1); マンチェスターU 2007-08(1); イタリア 2012(1),"はしばっちFC 99(2617, 65.6); 木津川シティ•FC(2617, 63.1); イタリアンサンドF(2617, 63.1); スヌーピー(2617, 61.5); 花緑青(2617, 60.5)"
95,2619,13,クート,32,6,3,0.1875,0.09375,93.75,47.580782656212314,45.376990081651954,61.322269666970534,39.09547893247043,0.3547430991619692,チェルシー 2004-05(2); バイエルン 2000-01(2); イタリア 2012(1); ビアンコネーロ 2002-03(1),"松阪牛FC(2619, 67.8); FC  ぐでたま(2619, 65.5); 長崎ちゃんぽんず(2619, 64.9); バナントンガラグ(2619, 61.5); サムライドッピエッタ(2619, 59.7)"
96,2622,8,グース,32,6,3,0.1875,0.09375,93.75,51.32043476958762,51.186471733990544,60.93881438231941,47.31132924087031,0.6852352898793704,バイエルン 2000-01(2); ウルグアイ 2014(1); ビアンコネーロ 2002-03(1); オランダ 1974(1); アルゼンチン 2022(1),"ガンバル部(2622, 67.1); ゾンビ軍団(2622, 65.1); みゃおFC(2622, 64.8); HikakinFC(2622, 61.0); サルエド(2622, 60.4)"
97,2622,14,アイビス,32,6,3,0.1875,0.09375,93.75,49.035804468099585,49.32396842258103,60.923449333477706,41.33487348311106,0.6102408495855768,マンチェスターU 2007-08(1); オランダ 2014(1); バイエルン 2000-01(1); ウルグアイ 2014(1); チェルシー 2004-05(1),"FC目黒(2622, 66.3); ボナセーラ(2622, 64.3); スコールズくん(2622, 63.2); グリーンラベル(2622, 61.0); FCまよね〜ず(2622, 60.6)"
98,2617,13,クート,32,6,3,0.1875,0.09375,93.75,46.61395775732181,46.08782970123137,60.377205961922414,36.464211445887734,0.3365445457413064,ドルトムント 2011-12(1); ビアンコネーロ 2002-03(1); バイエルン 2000-01(1); ヴァレンシア 2003-04(1); マドリードA 2013-14(1),"松阪牛FC(2617, 66.8); FC  ぐでたま(2617, 65.6); 長崎ちゃんぽんず(2617, 64.3); 闘魂軍団(2617, 60.4); FC富士急(2617, 60.2)"
99,2621,4,カナード,32,6,2,0.1875,0.0625,93.75,50.66766031289482,51.78038938736211,61.9360441879828,47.219961598496575,0.4495228346993103,オランダ 2014(2); ウルグアイ 2014(1); ヴァレンシア 2003-04(1); ブラジル 2006(1); パルマ 1998-99(1),"ざみーとす(2621, 67.3); ひまじん(2621, 63.8); はさふにやひる(2621, 62.2); 翼神竜(2621, 62.1); コルホーズ(2621, 60.4)"
100,2619,10,バザード,32,6,2,0.1875,0.0625,93.75,50.62275956296793,51.686085492012275,61.79235354155824,47.063452612687975,0.45322641461887025,バイエルン 2013-14(1); ウルグアイ 2014(1); ビアンコネーロ 2002-03(1); トッテナム 2018-19(1); バイエルン 2000-01(1),"FCB(2619, 66.5); FC.OGAWA(2619, 65.7); ままま(2619, 62.4); CCS(2619, 61.8); 和光FC(2619, 61.6)"
101,2623,11,ピピット,32,6,2,0.1875,0.0625,93.75,48.81639093313054,49.90178681262326,61.763491885482935,42.98045957992567,0.3087664244903219,チェルシー 2004-05(2); ブラジル 2014(2); ヴァレンシア 2003-04(1); バイエルン 2000-01(1),"バナナサブその２(2623, 68.2); こそっと(2623, 63.3); anna(2623, 62.7); NCルン(2623, 61.9); 頑張れ日本(2623, 60.3)"
102,2621,16,フィンチ,32,6,1,0.1875,0.03125,93.75,48.49106935122843,50.01589778638017,62.203878153727196,41.23315689896744,0.4169176518062397,ブラジル 2014(2); オランダ 2014(2); イタリア 2012(1); バイエルン 2015-16(1),"猫1匹(2621, 63.7); チョコポメ(2621, 62.5); Cataluña(2621, 62.4); 　いか(2621, 62.2); ピエモンテ(2621, 62.1)"
103,2618,7,オークレット,32,6,1,0.1875,0.03125,93.75,51.674451370814445,52.650431676445564,61.07534775848795,51.793907922260765,0.22533162446607846,ヴァレンシア 2003-04(2); ブラジル 2014(2); アルゼンチン 2022(1); バイエルン 2013-14(1),"雪山特攻隊(2618, 65.0); にかやにや(2618, 62.2); 水上新人王(2618, 61.9); はやたをた(2618, 61.1); うすた京介(2618, 60.9)"
104,2619,3,スナイプ,32,5,5,0.15625,0.15625,78.125,47.79003254904329,47.10377378262157,64.562299154785,39.443244051917276,0.38807774929573663,ウルグアイ 2014(1); ドルトムント 2011-12(1); ビアンコネーロ 2002-03(1); バイエルン 2013-14(1); バイエルン 2000-01(1),"ゆるりん(2619, 67.0); ＡＣ夕べ(2619, 65.7); アルビセレステ(2619, 65.5); 広島東洋カープ(2619, 64.7); つやつやアンドルフ2(2619, 63.1)"
105,2618,3,スナイプ,32,5,4,0.15625,0.125,78.125,46.59539140701873,46.24683560026196,65.01174027200929,37.37572260047942,0.2086464670698638,バイエルン 2013-14(1); ウルグアイ 2014(1); ビアンコネーロ 2002-03(1); ドルトムント 2011-12(1); バイエルン 2000-01(1),"ゆるりん(2618, 68.3); アルビセレステ(2618, 66.6); ＡＣ夕べ(2618, 66.0); 広島東洋カープ(2618, 65.5); つやつやアンドルフ2(2618, 60.2)"
106,2617,3,スナイプ,32,5,4,0.15625,0.125,78.125,47.41641758278728,47.76527670393124,64.72742723517698,38.68697035671417,0.34650243755039806,ドルトムント 2011-12(1); バイエルン 2000-01(1); バイエルン 2013-14(1); ビアンコネーロ 2002-03(1); ウルグアイ 2014(1),"ＡＣ夕べ(2617, 66.1); 広島東洋カープ(2617, 65.5); アルビセレステ(2617, 65.3); ゆるりん(2617, 65.0); つやつやアンドルフ2(2617, 62.1)"
107,2622,2,ウッドコック,32,5,4,0.15625,0.125,78.125,51.27826770495826,51.54486144395126,63.20641498112233,48.12650619514809,0.5611493058930054,バイエルン 2000-01(2); チェルシー 2004-05(1); イングランド 2020(1); オランダ 2014(1),"タツノオトシゴ(2622, 68.7); 湘南マイティー(2622, 66.4); copeland(2622, 64.3); ミトシン(2622, 63.4); ハマーズ(2622, 61.4)"
108,2616,16,フィンチ,32,5,4,0.15625,0.125,78.125,49.617394821306384,50.69373999886468,63.07780446530344,45.94740510980392,0.21950632165555645,オランダ 2014(2); ブラジル 2014(2); ビアンコネーロ 2002-03(1),"ウォッカ(2616, 65.9); ピエモンテ(2616, 64.2); 猫1匹(2616, 63.7); 　いか(2616, 63.4); ヤマト・インダスト(2616, 60.3)"
109,2623,17,ディッパー,32,5,4,0.15625,0.125,78.125,49.33461198734762,48.50011933253582,62.98690909354542,41.8280944175847,0.6582913658405447,オランダ 2014(1); バイエルン 2000-01(1); ウルグアイ 2014(1); チェルシー 2004-05(1); リバプール 2004-05(1),"東京C エスペリオン(2623, 67.0); 04LS(2623, 65.5); 琥珀ヱビス1890(2623, 63.9); ペタグー(2623, 63.2); パッカーーん(2623, 61.4)"
110,2616,5,クレイク,32,5,4,0.15625,0.125,78.125,49.92945295449087,52.407577562481706,62.927685241122674,44.38229736663239,0.5454833808952453,ブラジル 2014(2); チェルシー 2004-05(1); ウルグアイ 2014(1); バイエルン 2000-01(1),"Mambo(2616, 66.3); MARS(2616, 65.5); REAL ONO(2616, 63.8); Spurs(2616, 63.1); アズリ(2616, 61.4)"
111,2616,3,スナイプ,32,5,4,0.15625,0.125,78.125,46.043500227531446,45.819501657234085,62.754308559241245,37.231195864679336,0.018282293693372288,バイエルン 2000-01(1); ウルグアイ 2014(1); ドルトムント 2011-12(1); ビアンコネーロ 2002-03(1); バイエルン 2013-14(1),"ゆるりん(2616, 67.0); アルビセレステ(2616, 65.0); ＡＣ夕べ(2616, 64.5); つやつやアンドルフ2(2616, 62.9); 広島東洋カープ(2616, 61.3)"
112,2617,15,スターリング,32,5,3,0.15625,0.09375,78.125,50.076663029798034,50.37367467786787,62.51965226563986,45.09719883739453,0.5065891644673772,バイエルン 2000-01(2); マドリード 2001-02(1); ビアンコネーロ 2002-03(1); オランダ 2014(1),"幻燈 (2617, 70.2); ケントデリカッターズ(2617, 66.8); CHARM(2617, 66.3); みどりキッカーズ(2617, 62.7); ForzaInter(2617, 61.3)"
113,2620,11,ピピット,32,5,3,0.15625,0.09375,78.125,51.206678114991576,52.081912793883745,62.28335826318066,48.53065571704803,0.4803876090193503,ブラジル 2014(2); ヴァレンシア 2003-04(1); チェルシー 2004-05(1); バイエルン 2000-01(1),"バナナサブその２(2620, 65.7); anna(2620, 64.0); こそっと(2620, 63.0); NCルン(2620, 62.4); FCほんでぃ(2620, 61.7)"
114,2622,10,バザード,32,5,3,0.15625,0.09375,78.125,50.13838128353399,50.55503285372151,62.22494130944244,46.82465046866949,0.3009927007284074,ブラジル 2014(1); アルゼンチン 2022(1); ウルグアイ 2014(1); バイエルン 2000-01(1); ビアンコネーロ 2002-03(1),"D.ROSE(2622, 65.7); 和光FC(2622, 64.8); FC.OGAWA(2622, 64.0); ver-milion(2622, 62.3); ガキオールグランツェ(2622, 61.2)"
115,2621,11,ピピット,32,5,3,0.15625,0.09375,78.125,50.59797827611766,51.24323711769598,62.145446322343744,48.10845479674803,0.30527041520094733,バイエルン 2000-01(2); ブラジル 2014(2); チェルシー 2004-05(1),"バナナサブその２(2621, 69.6); ヴァンディッツ新宿(2621, 64.8); こそっと(2621, 62.8); anna(2621, 62.3); NCルン(2621, 60.9)"
116,2621,19,スウィフト,32,5,3,0.15625,0.09375,78.125,49.61938329365594,50.293134306195725,62.09642907545048,44.19259557040167,0.45291621854900677,ユーゴスラビア 1994(1); コートジボワール 2014(1); ブラジル 2014(1); チェルシー 2004-05(1); ウルグアイ 2014(1),"Ēlysion(2621, 65.5); Cannon(2621, 63.7); コソっと運び屋FC(2621, 62.8); 海津のちーむ(2621, 62.3); さらだ(2621, 60.2)"
117,2623,14,アイビス,32,5,3,0.15625,0.09375,78.125,48.09923419898618,47.481930778925246,61.484292743492595,40.520533121984805,0.36263787479475756,ビアンコネーロ 2002-03(2); チェルシー 2004-05(1); ウルグアイ 2014(1); オランダ 2014(1),"FC目黒(2623, 65.5); FCまよね〜ず(2623, 63.9); ちわわFC(2623, 63.1); こそっとこそこそ(2623, 61.7); グリーンラベル(2623, 59.6)"
118,2622,13,クート,32,5,3,0.15625,0.09375,78.125,46.825540388336684,46.56493471842076,60.9745080613913,37.65649850231839,0.25879698415533503,チェルシー 2004-05(2); ヴァレンシア 2003-04(1); バイエルン 2000-01(1); ビアンコネーロ 2002-03(1),"松阪牛FC(2622, 66.9); 長崎ちゃんぽんず(2622, 66.5); FC  ぐでたま(2622, 65.9); FC富士急(2622, 61.1); ゾルディック(2622, 59.9)"
119,2622,20,ホーク,32,5,3,0.15625,0.09375,78.125,49.308881504763974,49.126622193329936,59.81843400197267,43.537344850840945,0.4219080913578111,ブラジル 2014(1); バイエルン 2000-01(1); スペイン 2012(1); イタリア 2012(1); ビアンコネーロ 2002-03(1),"はしばっちFC 99(2622, 68.1); イタリアンサンドF(2622, 64.3); 木津川シティ•FC(2622, 62.8); スヌーピー(2622, 59.8); 馬頭ラッキー(2622, 59.6)"
120,2623,8,グース,32,5,2,0.15625,0.0625,78.125,49.48278836848753,48.77512413936614,62.20870341159578,43.104086942412316,0.5453738128620083,バイエルン 2000-01(2); オランダ 1974(1); アルゼンチン 2022(1); ビアンコネーロ 2002-03(1),"ガンバル部(2623, 68.7); ゾンビ軍団(2623, 64.3); みゃおFC(2623, 62.4); HikakinFC(2623, 62.4); サルエド(2623, 60.9)"
121,2616,4,カナード,32,5,2,0.15625,0.0625,78.125,49.0586992935924,48.918113135917565,61.25616831543539,43.25489039352027,0.36437449520545717,ウルグアイ 2014(2); ヴァレンシア 2003-04(1); バイエルン 2000-01(1); スペイン 2012(1),"デマ長万部(2616, 66.7); NTB (2616, 62.9); グランアレグリア(2616, 61.7); 翼神竜(2616, 61.3); はさふにやひる(2616, 60.9)"
122,2617,5,クレイク,32,5,2,0.15625,0.0625,78.125,49.2103257213892,51.8951406224443,61.17807047112836,40.86480832096094,0.7388197787881279,ブラジル 2014(2); コロンビア 2013(1); チェルシー 2004-05(1); ウルグアイ 2014(1),"Mambo(2617, 66.3); MARS(2617, 66.0); 湘南FCⅢ(2617, 61.7); REAL ONO(2617, 61.4); アズリ(2617, 59.5)"
123,2619,15,スターリング,32,5,2,0.15625,0.0625,78.125,49.46809214273065,52.77459735235031,61.16648640088075,44.55298839448775,0.3476971113340942,バイエルン 2000-01(2); マドリード 2001-02(1); ビアンコネーロ 2002-03(1); 日本 2022(1),"幻燈 (2619, 65.6); CHARM(2619, 63.2); みどりキッカーズ(2619, 62.3); ビゴーレ鶴見(2619, 61.3); ケントデリカッターズ(2619, 59.6)"
124,2623,15,スターリング,32,5,2,0.15625,0.0625,78.125,50.86262449903133,52.297011681304056,60.78403986333748,44.76308591410312,0.8492769020482769,バイエルン 2000-01(1); オランダ 2014(1); ポルトガル 2014(1); ブラジル 2014(1); ドルトムント 2011-12(1),"幻燈 (2623, 66.3); NRK(kon)(2623, 65.4); 田村イチゾク2(2623, 61.5); もに (2623, 60.9); しろたん(2623, 59.7)"
125,2616,19,スウィフト,32,5,2,0.15625,0.0625,78.125,47.08166117958064,48.4353219852677,60.6879884429544,35.89807576482239,0.5891673658441154,チェルシー 2004-05(3); チェルシー 2014-15(1); ウルグアイ 2014(1),"Ēlysion(2616, 63.5); PPFC(2616, 62.8); コスケFC(2616, 61.3); へたれFC(2616, 60.8); FCフォルテ(2616, 59.7)"
126,2620,15,スターリング,32,5,2,0.15625,0.0625,78.125,51.92104083273661,52.517456706582124,60.652459520369256,50.98935240373825,0.4256184539097161,ベルギー 2013(1); ブラジル 2014(1); バイエルン 2000-01(1); ドルトムント 2011-12(1); ビアンコネーロ 2002-03(1),"幻燈 (2620, 66.8); CHARM(2620, 63.2); ForzaInter(2620, 62.4); スキスキスー(2620, 60.8); しろたん(2620, 59.5)"
127,2622,12,パートリッジ,32,5,2,0.15625,0.0625,78.125,48.304869949875226,51.196970813389626,60.14962252538425,40.25266758870325,0.47622154159631885,バイエルン 2000-01(1); ビアンコネーロ 2002-03(1); ブラジル 2014(1); ウルグアイ 2014(1); チェルシー 2004-05(1),"まるちゃんFC(2622, 70.4); テンペスト(2622, 65.8); 阪急ブレーブズ(2622, 60.9); 新三郷FC(2622, 60.2); プッチョ(2622, 60.0)"
128,2617,19,スウィフト,32,5,1,0.15625,0.03125,78.125,48.150427827223226,49.88913333522723,60.86940290444207,40.54120535692965,0.37933280509381534,チェルシー 2004-05(2); チェルシー 2014-15(1); ウルグアイ 2014(1); パルマ 1998-99(1),"Ēlysion(2617, 63.3); へたれFC(2617, 61.9); アントン野朗(2617, 61.6); コスケFC(2617, 60.9); FCフォルテ(2617, 60.5)"
129,2618,19,スウィフト,32,5,1,0.15625,0.03125,78.125,50.41383838698902,52.01903626901029,60.747491019562254,46.331209528877864,0.47099115963388916,チェルシー 2014-15(1); チェルシー 2004-05(1); バイエルン 2013-14(1); ユーゴスラビア 1994(1); ブラジル 2014(1),"Ēlysion(2618, 64.0); バラガーズFC(2618, 61.8); さらだ(2618, 60.9); Cannon(2618, 60.8); FCフォルテ(2618, 60.5)"
130,2622,19,スウィフト,32,5,1,0.15625,0.03125,78.125,51.18786153942849,52.34887713747335,60.01337197192438,49.66065252990019,0.3234274143222544,ブラジル 2014(1); 日本 1996(1); バイエルン 2013-14(1); チェルシー 2014-15(1); チェルシー 2004-05(1),"Ēlysion(2622, 64.7); バラガーズFC(2622, 61.1); Cannon(2622, 60.2); FCフォルテ(2622, 60.0); ぽりふぇのーる(2622, 59.9)"
131,2620,7,オークレット,32,5,0,0.15625,0.0,78.125,49.56116880194097,49.03225955537894,61.33378529218321,46.51041855304944,0.12351502178361126,ヴァレンシア 2003-04(2); バイエルン 2000-01(1); ブラジル 2014(1); ビアンコネーロ 2013-14(1),"雪山特攻隊(2620, 62.7); にかやにや(2620, 62.2); 京都サンガF.C.(2620, 61.9); アマード熊本(2620, 61.4); blacklabel(2620, 60.6)"
132,2616,11,ピピット,32,5,0,0.15625,0.0,78.125,49.35803955564228,49.03923133945888,60.77294632515094,42.08867511035757,0.6326375187191525,アルゼンチン 2001(1); ヴァレンシア 2003-04(1); ウルグアイ 2014(1); バイエルン 2000-01(1); オランダ 2014(1),"ヴァンディッツ新宿(2616, 61.9); 登録されていません(2616, 61.6); 無敵艦隊北朝鮮(2616, 61.3); レッドホース(2616, 60.8); FCほんでぃ(2616, 60.3)"
133,2619,7,オークレット,32,5,0,0.15625,0.0,78.125,49.884138401559305,48.30780703671759,60.62891989064521,46.231081463682955,0.28316544791094694,ブラジル 2014(2); ヴァレンシア 2003-04(1); クリスマス・ツリー(1); バイエルン 2013-14(1),"雪山特攻隊(2619, 62.6); にかやにや(2619, 62.2); 落武者(2619, 62.0); えーしーみら(2619, 60.7); まりた、た(2619, 60.4)"
134,2623,19,スウィフト,32,5,0,0.15625,0.0,78.125,48.715877985574245,49.1251245412258,60.06941757283059,44.00290675976322,0.13504924042631627,チェルシー 2014-15(1); 日本 1996(1); マドリード 2001-02(1); バイエルン 2013-14(1); チェルシー 2004-05(1),"Ēlysion(2623, 61.5); FCフォルテ(2623, 61.3); バラガーズFC(2623, 60.6); ぽりふぇのーる(2623, 60.1); 11KnIght(2623, 59.9)"
135,2616,7,オークレット,32,5,0,0.15625,0.0,78.125,48.15519730354438,46.871228627372034,59.81390404967442,42.66462259361754,0.09961806963575695,ブラジル 2014(2); バイエルン 2000-01(1); ヴァレンシア 2003-04(1); ウルグアイ 2014(1),"まりた、た(2616, 61.7); アマード熊本(2616, 61.5); うすた京介(2616, 60.9); 京都サンガF.C.(2616, 59.8); 落武者(2616, 59.7)"
136,2620,12,パートリッジ,32,4,4,0.125,0.125,62.5,49.62836903938852,53.3103494709037,63.1319802180492,43.91903793661101,0.49259629405613625,イタリア 2006(1); ウルグアイ 2014(1); アルゼンチン 2001(1); バイエルン 2000-01(1),"まるちゃんFC(2620, 70.4); りぃくんず(2620, 66.6); セリエまたり村(2620, 65.7); テンペスト(2620, 63.7); プッチョ(2620, 58.4)"
137,2623,6,スラッシュ,32,4,3,0.125,0.09375,62.5,47.325705776381064,47.44396326513019,62.15999058486138,37.120098360122775,0.5198016261593499,ウルグアイ 2014(1); チェルシー 2004-05(1); バイエルン 2000-01(1); リバプール 2004-05(1),"Rユース(2623, 69.6); イワキリ(2623, 66.3); FC JRA(2623, 64.7); 吐露非狩古鬱(2623, 62.6); CFC(2623, 57.8)"
138,2616,13,クート,32,4,3,0.125,0.09375,62.5,46.74020442353234,47.82342845727567,61.88001208870112,36.26357740556415,0.41107447264560515,ドルトムント 2011-12(1); バイエルン 2000-01(1); チェルシー 2004-05(1); ビアンコネーロ 2002-03(1),"闘魂軍団(2616, 63.8); 長崎ちゃんぽんず(2616, 63.6); FC  ぐでたま(2616, 63.0); 松阪牛FC(2616, 62.2); FC富士急(2616, 59.3)"
139,2620,20,ホーク,32,4,3,0.125,0.09375,62.5,50.366028498219606,51.08550208363579,61.491465290323504,46.475833089027155,0.4336657320477412,イタリア 2012(1); バイエルン 2000-01(1); ウルグアイ 2014(1); ブラジル 2014(1),"はしばっちFC 99(2620, 70.0); イタリアンサンドF(2620, 65.0); 木津川シティ•FC(2620, 62.8); スヌーピー(2620, 61.8); カイザース(2620, 58.3)"
140,2619,20,ホーク,32,4,3,0.125,0.09375,62.5,50.806137110989525,52.628552034617236,61.41873169758655,48.15477470525624,0.3781568499722919,イタリア 2012(1); ウルグアイ 2014(1); バイエルン 2000-01(1); ブラジル 2014(1),"はしばっちFC 99(2619, 67.3); イタリアンサンドF(2619, 65.0); スヌーピー(2619, 63.7); 木津川シティ•FC(2619, 61.7); 馬頭ラッキー(2619, 58.5)"
141,2623,10,バザード,32,4,3,0.125,0.09375,62.5,50.168972201053265,50.639394324377264,61.01663788851262,45.85894965492662,0.4406404481928174,ウルグアイ 2014(1); アルゼンチン 2022(1); ブラジル 2014(1); バイエルン 2000-01(1),"和光FC(2623, 65.2); FC.OGAWA(2623, 62.9); ver-milion(2623, 62.8); ガーリックトースト3(2623, 61.2); Binyanko(2623, 59.3)"
142,2621,12,パートリッジ,32,4,3,0.125,0.09375,62.5,48.79101171372288,47.09633137395103,60.79477863057951,42.07764686496188,0.41882729841487865,バイエルン 2000-01(1); イタリア 2006(1); ブラジル 2014(1); ウルグアイ 2014(1),"まるちゃんFC(2621, 70.4); テンペスト(2621, 66.3); セリエまたり村(2621, 65.2); プッチョ(2621, 61.0); twistAS(2621, 59.1)"
143,2623,13,クート,32,4,3,0.125,0.09375,62.5,46.79571497225177,46.26790057141058,60.060790835000525,36.46293529015849,0.40571794357563257,ヴァレンシア 2003-04(1); バイエルン 2000-01(1); ビアンコネーロ 2002-03(1); チェルシー 2004-05(1),"松阪牛FC(2623, 68.2); FC  ぐでたま(2623, 66.3); 長崎ちゃんぽんず(2623, 66.3); FC富士急(2623, 60.2); ゾルディック(2623, 58.5)"
144,2621,20,ホーク,32,4,3,0.125,0.09375,62.5,47.60410112734731,47.51456391350001,59.83526096044565,40.51494751426679,0.17540094228333958,イタリア 2012(1); ウルグアイ 2014(1); バイエルン 2000-01(1); ブラジル 2014(1),"はしばっちFC 99(2621, 70.0); イタリアンサンドF(2621, 66.8); 木津川シティ•FC(2621, 62.8); スヌーピー(2621, 60.0); MSHY(2621, 58.6)"
145,2616,10,バザード,32,4,3,0.125,0.09375,62.5,49.862003938636676,52.2049690238399,59.5155961973305,44.755559849400406,0.47038869928228483,イタリア 2012(1); ブラジル 2014(1); ウルグアイ 2014(1); ビアンコネーロ 2002-03(1),"FCB(2616, 64.9); FC.OGAWA(2616, 64.3); CCS(2616, 63.1); エネゴリFC(2616, 59.5); 矢野貴章(2616, 59.3)"
146,2617,12,パートリッジ,32,4,2,0.125,0.0625,62.5,49.336759931052434,50.190627253810646,60.924346386046324,41.981686112871856,0.6387434432215979,ブラジル 2014(1); ウルグアイ 2014(1); イタリア 2006(1); バイエルン 2000-01(1),"まるちゃんFC(2617, 69.6); テンペスト(2617, 63.9); プッチョ(2617, 62.7); セリエまたり村(2617, 61.2); ヒロトガル(2617, 58.1)"
147,2618,10,バザード,32,4,2,0.125,0.0625,62.5,50.19210108303079,49.37619210699545,60.71652861681516,46.05840490951755,0.42297729622399194,ビアンコネーロ 2002-03(1); トッテナム 2018-19(1); ブラジル 2014(1); ウルグアイ 2014(1),"FCB(2618, 64.7); CCS(2618, 63.4); FC.OGAWA(2618, 61.2); 矢野貴章(2618, 60.9); ままま(2618, 59.3)"
148,2616,12,パートリッジ,32,4,2,0.125,0.0625,62.5,50.55490062061585,50.97839892224061,60.17892596392419,44.22532820551943,0.803746030758317,ブラジル 2014(1); ウルグアイ 2014(1); バイエルン 2000-01(1); チェルシー 2004-05(1),"まるちゃんFC(2616, 69.6); テンペスト(2616, 62.9); hiraku(2616, 61.3); 新三郷FC(2616, 60.4); 阪急ブレーブズ(2616, 58.2)"
149,2617,16,フィンチ,32,4,2,0.125,0.0625,62.5,50.399735615343744,52.07033626403867,59.74570304535814,46.28082178707918,0.47231750995533023,ブラジル 2014(2); ビアンコネーロ 2002-03(1); オランダ 2014(1),"猫1匹(2617, 64.5); 　いか(2617, 63.4); ウォッカ(2617, 62.7); ヤマト・インダスト(2617, 60.0); fcKurumel(2617, 57.9)"
150,2621,15,スターリング,32,4,2,0.125,0.0625,62.5,48.85680238282691,50.39764910919141,59.70323703455326,42.21591385068852,0.4254731336619789,バイエルン 2000-01(1); ドルトムント 2011-12(1); ビアンコネーロ 2002-03(1); ポルトガル 2014(1),"幻燈 (2621, 65.6); CHARM(2621, 65.2); kon(2621, 62.3); もに (2621, 59.9); ケントデリカッターズ(2621, 58.3)"
151,2617,10,バザード,32,4,2,0.125,0.0625,62.5,49.08980598893978,48.449872640150105,59.70138738904282,43.04259849277528,0.40433010655935075,ブラジル 2014(1); ビアンコネーロ 2002-03(1); ウルグアイ 2014(1); イタリア 2012(1),"FCB(2617, 63.5); CCS(2617, 63.1); エネゴリFC(2617, 59.9); FC.OGAWA(2617, 59.8); FC ROSE(2617, 58.7)"
152,2618,20,ホーク,32,4,2,0.125,0.0625,62.5,48.71740729881114,48.652262612313365,59.57996442788725,43.42777089321693,0.21188211964829948,ブラジル 2014(1); バイエルン 2000-01(1); ウルグアイ 2014(1); マンチェスターU 2007-08(1),"はしばっちFC 99(2618, 68.7); イタリアンサンドF(2618, 65.0); スヌーピー(2618, 61.9); MSHY(2618, 59.6); 木津川シティ•FC(2618, 59.4)"
153,2618,13,クート,32,4,2,0.125,0.0625,62.5,46.52968066022059,47.67702480753134,59.449983589110744,35.35099433098218,0.4521405094931039,チェルシー 2004-05(2); バイエルン 2000-01(1); ビアンコネーロ 2002-03(1),"松阪牛FC(2618, 66.9); 長崎ちゃんぽんず(2618, 65.1); FC  ぐでたま(2618, 62.3); 闘魂軍団(2618, 59.6); アル アラブ(2618, 57.9)"
154,2621,7,オークレット,32,4,1,0.125,0.03125,62.5,50.537034183743714,50.3604206989728,60.838181403424514,48.41085490452415,0.24204035805012367,ブラジル 2014(1); バイエルン 2000-01(1); アルゼンチン 2022(1); ヴァレンシア 2003-04(1),"雪山特攻隊(2621, 64.0); にかやにや(2621, 62.2); 京都サンガF.C.(2621, 61.9); 水上新人王(2621, 61.0); カラムーチョ(2621, 59.5)"
155,2619,19,スウィフト,32,4,1,0.125,0.03125,62.5,50.64709065606743,49.759008540893504,60.782133971835115,46.3501896554047,0.5570290718001552,ユーゴスラビア 1994(1); チェルシー 2004-05(1); ブラジル 2014(1); バイエルン 2013-14(1),"Cannon(2619, 63.7); さらだ(2619, 62.5); Ēlysion(2619, 61.6); バラガーズFC(2619, 61.0); FCフォルテ(2619, 59.2)"
156,2622,7,オークレット,32,4,1,0.125,0.03125,62.5,49.02993091984831,50.68073562558783,59.74471354245892,44.926301841103886,0.13185462688898653,ビアンコネーロ 2013-14(1); ブラジル 2014(1); ヴァレンシア 2003-04(1); バイエルン 2000-01(1),"雪山特攻隊(2622, 64.0); にかやにや(2622, 62.2); 京都サンガF.C.(2622, 59.8); blacklabel(2622, 59.8); カラムーチョ(2622, 59.1)"
157,2623,20,ホーク,32,4,1,0.125,0.03125,62.5,50.05329017858186,50.851632442396735,59.724572749136,45.30000935741477,0.47082676431660514,イタリア 2012(2); ウルグアイ 2014(1); マンチェスターU 2007-08(1),"はしばっちFC 99(2623, 66.4); イタリアンサンドF(2623, 60.5); 木津川シティ•FC(2623, 60.0); MSHY(2623, 59.8); 馬頭ラッキー(2623, 59.3)"
158,2618,11,ピピット,32,4,1,0.125,0.03125,62.5,48.87154582798389,48.22235776089367,59.62973659350523,43.927327531970406,0.20416899665322677,ヴァレンシア 2003-04(1); オランダ 2014(1); チェルシー 2004-05(1); ブラジル 2014(1),"こそっと(2618, 64.0); NCルン(2618, 61.8); FCほんでぃ(2618, 61.7); レッドホース(2618, 59.7); 鳥取カニっこクラブ(2618, 59.3)"
159,2619,11,ピピット,32,4,0,0.125,0.0,62.5,49.64755622313627,51.19325725547493,60.10196382122428,45.255051939926595,0.32275021070501636,チェルシー 2004-05(1); ヴァレンシア 2003-04(1); ブラジル 2014(1); バイエルン 2000-01(1),"FCほんでぃ(2619, 61.7); こそっと(2619, 61.4); NCルン(2619, 60.5); ヴァンディッツ新宿(2619, 60.2); レッドホース(2619, 59.4)"
160,2617,11,ピピット,32,4,0,0.125,0.0,62.5,48.507835977647595,50.60684889076733,59.55843266405388,41.398586925246654,0.4013501766546185,バイエルン 2000-01(1); オランダ 2014(1); ブラジル 2014(1); ヴァレンシア 2003-04(1),"FCほんでぃ(2617, 61.7); こそっと(2617, 60.1); ヴァンディッツ新宿(2617, 60.0); レッドホース(2617, 59.7); 鳥取カニっこクラブ(2617, 58.6)"
161,2616,20,ホーク,32,4,0,0.125,0.0,62.5,49.627936516285494,50.95189970397192,59.542414769499864,45.078315488010034,0.3387335335491354,ドルトムント 2011-12(1); ブラジル 2014(1); マドリードA 2013-14(1); マンチェスターU 2007-08(1),"スヌーピー(2616, 62.1); 花緑青(2616, 60.5); サブ垢(2616, 59.7); MSHY(2616, 59.6); はしばっちFC 99(2616, 59.0)"
162,2623,12,パートリッジ,32,3,3,0.09375,0.09375,46.875,49.821589926767146,51.87370225123749,58.437523395726494,43.63198983384819,0.6040099031464283,ブラジル 2014(1); バイエルン 2000-01(1); ウルグアイ 2014(1),"まるちゃんFC(2623, 70.4); テンペスト(2623, 65.0); hiraku(2623, 63.2); 阪急ブレーブズ(2623, 58.5); プッチョ(2623, 58.0)"
163,2623,3,スナイプ,32,3,3,0.09375,0.09375,46.875,47.64027140505384,45.692219830176974,58.11855200655905,37.98777692293616,0.5241886270755249,ウルグアイ 2014(1); ドルトムント 2011-12(1); ビアンコネーロ 2002-03(1),"アルビセレステ(2623, 65.5); 広島東洋カープ(2623, 65.3); ゆるりん(2623, 64.8); ＡＣ夕べ(2623, 58.1); フィオレンティーナ(2623, 58.0)"
164,2616,1,アウル,32,3,2,0.09375,0.0625,46.875,48.93031566218417,49.69418622202363,58.06217894300008,42.12944651224481,0.4648464354546352,バイエルン 2000-01(1); ヴァレンシア 2003-04(1); ポルトガル 2014(1),"Rコンシェルジュ(2616, 67.9); メガネパンサー(2616, 64.7); -Horiz-(2616, 62.6); Juve0203(2616, 58.1); FCユース(2616, 57.9)"
165,2620,19,スウィフト,32,3,1,0.09375,0.03125,46.875,51.20614594665787,52.524547901561434,59.366508571053316,48.29184988470246,0.5118467645757272,ユーゴスラビア 1994(1); ブラジル 2014(1); チェルシー 2004-05(1),"Ēlysion(2620, 67.1); Cannon(2620, 61.8); さらだ(2620, 61.7); コスケFC(2620, 59.4); FCフォルテ(2620, 59.2)"
166,2621,8,グース,32,2,2,0.0625,0.0625,31.25,50.31761151837046,48.53203709109817,58.439525209726156,47.83857686566194,0.23460983068943012,バイエルン 2000-01(1); ビアンコネーロ 2002-03(1),"ガンバル部(2621, 67.2); みゃおFC(2621, 65.9); 爽やかナ・デ・シココ(2621, 58.8); HITACHI(2621, 58.4); HikakinFC(2621, 58.4)"
167,2620,10,バザード,32,2,1,0.0625,0.03125,31.25,49.983817270972786,52.157555384249335,57.218159721598994,46.4385595112875,0.29350085848309665,ブラジル 2014(1); ビアンコネーロ 2002-03(1),"FC.OGAWA(2620, 65.7); ファンターネ！(2620, 61.0); キャットオールスター(2620, 57.9); FCたけ(2620, 57.2); 矢野貴章(2620, 57.1)"
168,2623,7,オークレット,32,1,0,0.03125,0.0,15.625,47.86694010057513,48.350708775653516,56.112783978288284,42.067339639906464,0.06936966572598995,ブラジル 2014(1),"雪山特攻隊(2623, 60.9); うすた京介(2623, 58.5); blacklabel(2623, 57.4); 京都サンガF.C.(2623, 56.2); 落武者(2623, 55.5)"
